[
  {
    "model": "admin.logentry",
    "pk": 1,
    "fields": {
      "action_time": "2021-04-10T08:24:04.337Z",
      "user": 1,
      "content_type": 19,
      "object_id": "1",
      "object_repr": "Курс 1",
      "action_flag": 1,
      "change_message": "[{\"added\": {}}]"
    }
  },
  {
    "model": "admin.logentry",
    "pk": 2,
    "fields": {
      "action_time": "2021-04-10T08:29:39.895Z",
      "user": 1,
      "content_type": 22,
      "object_id": "1",
      "object_repr": "Тема 1",
      "action_flag": 1,
      "change_message": "[{\"added\": {}}]"
    }
  },
  {
    "model": "admin.logentry",
    "pk": 3,
    "fields": {
      "action_time": "2021-04-10T08:29:45.871Z",
      "user": 1,
      "content_type": 22,
      "object_id": "2",
      "object_repr": "Тема 2",
      "action_flag": 1,
      "change_message": "[{\"added\": {}}]"
    }
  },
  {
    "model": "admin.logentry",
    "pk": 4,
    "fields": {
      "action_time": "2021-04-10T08:29:52.640Z",
      "user": 1,
      "content_type": 22,
      "object_id": "3",
      "object_repr": "Тема 3",
      "action_flag": 1,
      "change_message": "[{\"added\": {}}]"
    }
  },
  {
    "model": "admin.logentry",
    "pk": 5,
    "fields": {
      "action_time": "2021-04-10T10:12:58.487Z",
      "user": 1,
      "content_type": 20,
      "object_id": "1",
      "object_repr": "Урок 1",
      "action_flag": 1,
      "change_message": "[{\"added\": {}}]"
    }
  },
  {
    "model": "admin.logentry",
    "pk": 6,
    "fields": {
      "action_time": "2021-04-10T10:44:04.007Z",
      "user": 1,
      "content_type": 20,
      "object_id": "2",
      "object_repr": "Урок 2",
      "action_flag": 1,
      "change_message": "[{\"added\": {}}]"
    }
  },
  {
    "model": "admin.logentry",
    "pk": 7,
    "fields": {
      "action_time": "2021-04-10T11:29:25.840Z",
      "user": 1,
      "content_type": 15,
      "object_id": "1",
      "object_repr": "CourseAccess object (1)",
      "action_flag": 2,
      "change_message": "[{\"changed\": {\"fields\": [\"\\u0421\\u0442\\u0430\\u0442\\u0443\\u0441\"]}}]"
    }
  },
  {
    "model": "admin.logentry",
    "pk": 8,
    "fields": {
      "action_time": "2021-04-10T11:29:47.683Z",
      "user": 1,
      "content_type": 15,
      "object_id": "1",
      "object_repr": "CourseAccess object (1)",
      "action_flag": 2,
      "change_message": "[{\"changed\": {\"fields\": [\"\\u0421\\u0442\\u0430\\u0442\\u0443\\u0441\"]}}]"
    }
  },
  {
    "model": "admin.logentry",
    "pk": 9,
    "fields": {
      "action_time": "2021-04-10T12:28:29.336Z",
      "user": 1,
      "content_type": 15,
      "object_id": "1",
      "object_repr": "CourseAccess object (1)",
      "action_flag": 2,
      "change_message": "[{\"changed\": {\"fields\": [\"\\u0421\\u0442\\u0430\\u0442\\u0443\\u0441\"]}}]"
    }
  },
  {
    "model": "admin.logentry",
    "pk": 10,
    "fields": {
      "action_time": "2021-04-10T12:28:59.103Z",
      "user": 1,
      "content_type": 15,
      "object_id": "1",
      "object_repr": "CourseAccess object (1)",
      "action_flag": 2,
      "change_message": "[{\"changed\": {\"fields\": [\"\\u0421\\u0442\\u0430\\u0442\\u0443\\u0441\"]}}]"
    }
  },
  {
    "model": "admin.logentry",
    "pk": 11,
    "fields": {
      "action_time": "2021-04-10T12:29:07.030Z",
      "user": 1,
      "content_type": 15,
      "object_id": "1",
      "object_repr": "CourseAccess object (1)",
      "action_flag": 2,
      "change_message": "[{\"changed\": {\"fields\": [\"\\u0421\\u0442\\u0430\\u0442\\u0443\\u0441\"]}}]"
    }
  },
  {
    "model": "admin.logentry",
    "pk": 12,
    "fields": {
      "action_time": "2021-04-10T12:29:25.299Z",
      "user": 1,
      "content_type": 15,
      "object_id": "1",
      "object_repr": "CourseAccess object (1)",
      "action_flag": 2,
      "change_message": "[{\"changed\": {\"fields\": [\"\\u0421\\u0442\\u0430\\u0442\\u0443\\u0441\"]}}]"
    }
  },
  {
    "model": "admin.logentry",
    "pk": 13,
    "fields": {
      "action_time": "2021-04-10T12:29:36.834Z",
      "user": 1,
      "content_type": 15,
      "object_id": "1",
      "object_repr": "CourseAccess object (1)",
      "action_flag": 2,
      "change_message": "[{\"changed\": {\"fields\": [\"\\u0421\\u0442\\u0430\\u0442\\u0443\\u0441\", \"\\u0422\\u0438\\u043f \\u0434\\u043e\\u0441\\u0442\\u0443\\u043f\\u0430\"]}}]"
    }
  },
  {
    "model": "admin.logentry",
    "pk": 14,
    "fields": {
      "action_time": "2021-04-10T12:29:46.493Z",
      "user": 1,
      "content_type": 15,
      "object_id": "1",
      "object_repr": "CourseAccess object (1)",
      "action_flag": 2,
      "change_message": "[{\"changed\": {\"fields\": [\"\\u0422\\u0438\\u043f \\u0434\\u043e\\u0441\\u0442\\u0443\\u043f\\u0430\"]}}]"
    }
  },
  {
    "model": "admin.logentry",
    "pk": 15,
    "fields": {
      "action_time": "2021-04-10T12:29:52.946Z",
      "user": 1,
      "content_type": 22,
      "object_id": "1",
      "object_repr": "Тема 1",
      "action_flag": 2,
      "change_message": "[{\"changed\": {\"fields\": [\"\\u0411\\u0435\\u0441\\u043f\\u043b\\u0430\\u0442\\u043d\\u044b\\u0439 \\u0434\\u043e\\u0441\\u0442\\u0443\\u043f\"]}}]"
    }
  },
  {
    "model": "admin.logentry",
    "pk": 16,
    "fields": {
      "action_time": "2021-04-10T12:30:37.616Z",
      "user": 1,
      "content_type": 22,
      "object_id": "1",
      "object_repr": "Тема 1",
      "action_flag": 2,
      "change_message": "[{\"changed\": {\"fields\": [\"\\u0411\\u0435\\u0441\\u043f\\u043b\\u0430\\u0442\\u043d\\u044b\\u0439 \\u0434\\u043e\\u0441\\u0442\\u0443\\u043f\"]}}]"
    }
  },
  {
    "model": "admin.logentry",
    "pk": 17,
    "fields": {
      "action_time": "2021-04-10T12:50:20.079Z",
      "user": 1,
      "content_type": 22,
      "object_id": "1",
      "object_repr": "Тема 1",
      "action_flag": 2,
      "change_message": "[{\"changed\": {\"fields\": [\"\\u0411\\u0435\\u0441\\u043f\\u043b\\u0430\\u0442\\u043d\\u044b\\u0439 \\u0434\\u043e\\u0441\\u0442\\u0443\\u043f\"]}}]"
    }
  },
  {
    "model": "admin.logentry",
    "pk": 18,
    "fields": {
      "action_time": "2021-04-10T12:50:31.491Z",
      "user": 1,
      "content_type": 22,
      "object_id": "1",
      "object_repr": "Тема 1",
      "action_flag": 2,
      "change_message": "[{\"changed\": {\"fields\": [\"\\u0411\\u0435\\u0441\\u043f\\u043b\\u0430\\u0442\\u043d\\u044b\\u0439 \\u0434\\u043e\\u0441\\u0442\\u0443\\u043f\"]}}]"
    }
  },
  {
    "model": "admin.logentry",
    "pk": 19,
    "fields": {
      "action_time": "2021-04-10T13:33:56.762Z",
      "user": 1,
      "content_type": 22,
      "object_id": "1",
      "object_repr": "Тема 1",
      "action_flag": 2,
      "change_message": "[]"
    }
  },
  {
    "model": "admin.logentry",
    "pk": 20,
    "fields": {
      "action_time": "2021-04-10T13:56:21.695Z",
      "user": 1,
      "content_type": 16,
      "object_id": "1",
      "object_repr": "CourseLessonAccess object (1)",
      "action_flag": 2,
      "change_message": "[{\"changed\": {\"fields\": [\"\\u0421\\u0442\\u0430\\u0442\\u0443\\u0441\"]}}]"
    }
  },
  {
    "model": "admin.logentry",
    "pk": 21,
    "fields": {
      "action_time": "2021-04-10T13:56:29.478Z",
      "user": 1,
      "content_type": 16,
      "object_id": "1",
      "object_repr": "CourseLessonAccess object (1)",
      "action_flag": 2,
      "change_message": "[{\"changed\": {\"fields\": [\"\\u0421\\u0442\\u0430\\u0442\\u0443\\u0441\"]}}]"
    }
  },
  {
    "model": "admin.logentry",
    "pk": 22,
    "fields": {
      "action_time": "2021-04-10T14:16:28.618Z",
      "user": 1,
      "content_type": 18,
      "object_id": "4",
      "object_repr": "LessonFragmentAccess object (4)",
      "action_flag": 3,
      "change_message": ""
    }
  },
  {
    "model": "admin.logentry",
    "pk": 23,
    "fields": {
      "action_time": "2021-04-10T14:16:28.628Z",
      "user": 1,
      "content_type": 18,
      "object_id": "3",
      "object_repr": "LessonFragmentAccess object (3)",
      "action_flag": 3,
      "change_message": ""
    }
  },
  {
    "model": "admin.logentry",
    "pk": 24,
    "fields": {
      "action_time": "2021-04-10T14:16:28.629Z",
      "user": 1,
      "content_type": 18,
      "object_id": "2",
      "object_repr": "LessonFragmentAccess object (2)",
      "action_flag": 3,
      "change_message": ""
    }
  },
  {
    "model": "admin.logentry",
    "pk": 25,
    "fields": {
      "action_time": "2021-04-10T14:16:39.192Z",
      "user": 1,
      "content_type": 18,
      "object_id": "1",
      "object_repr": "LessonFragmentAccess object (1)",
      "action_flag": 2,
      "change_message": "[{\"changed\": {\"fields\": [\"\\u0421\\u0442\\u0430\\u0442\\u0443\\u0441\"]}}]"
    }
  },
  {
    "model": "admin.logentry",
    "pk": 26,
    "fields": {
      "action_time": "2021-04-10T14:38:31.000Z",
      "user": 1,
      "content_type": 16,
      "object_id": "1",
      "object_repr": "CourseLessonAccess object (1)",
      "action_flag": 2,
      "change_message": "[{\"changed\": {\"fields\": [\"\\u0421\\u0442\\u0430\\u0442\\u0443\\u0441\"]}}]"
    }
  },
  {
    "model": "admin.logentry",
    "pk": 27,
    "fields": {
      "action_time": "2021-04-10T14:41:27.736Z",
      "user": 1,
      "content_type": 20,
      "object_id": "2",
      "object_repr": "Урок 2",
      "action_flag": 2,
      "change_message": "[{\"changed\": {\"fields\": [\"Course theme\"]}}]"
    }
  },
  {
    "model": "admin.logentry",
    "pk": 28,
    "fields": {
      "action_time": "2021-04-10T15:07:14.996Z",
      "user": 1,
      "content_type": 20,
      "object_id": "3",
      "object_repr": "Урок 3",
      "action_flag": 1,
      "change_message": "[{\"added\": {}}]"
    }
  },
  {
    "model": "admin.logentry",
    "pk": 29,
    "fields": {
      "action_time": "2021-04-10T15:58:34.108Z",
      "user": 1,
      "content_type": 17,
      "object_id": "1",
      "object_repr": "CourseThemeAccess object (1)",
      "action_flag": 2,
      "change_message": "[{\"changed\": {\"fields\": [\"\\u0421\\u0442\\u0430\\u0442\\u0443\\u0441\"]}}]"
    }
  },
  {
    "model": "admin.logentry",
    "pk": 30,
    "fields": {
      "action_time": "2021-04-10T15:58:49.193Z",
      "user": 1,
      "content_type": 17,
      "object_id": "1",
      "object_repr": "CourseThemeAccess object (1)",
      "action_flag": 2,
      "change_message": "[]"
    }
  },
  {
    "model": "admin.logentry",
    "pk": 31,
    "fields": {
      "action_time": "2021-04-10T15:59:05.681Z",
      "user": 1,
      "content_type": 17,
      "object_id": "1",
      "object_repr": "CourseThemeAccess object (1)",
      "action_flag": 2,
      "change_message": "[{\"changed\": {\"fields\": [\"\\u0421\\u0442\\u0430\\u0442\\u0443\\u0441\"]}}]"
    }
  },
  {
    "model": "admin.logentry",
    "pk": 32,
    "fields": {
      "action_time": "2021-04-10T16:04:48.680Z",
      "user": 1,
      "content_type": 22,
      "object_id": "2",
      "object_repr": "Тема 2",
      "action_flag": 2,
      "change_message": "[{\"changed\": {\"fields\": [\"\\u0411\\u0435\\u0441\\u043f\\u043b\\u0430\\u0442\\u043d\\u044b\\u0439 \\u0434\\u043e\\u0441\\u0442\\u0443\\u043f\"]}}]"
    }
  },
  {
    "model": "admin.logentry",
    "pk": 33,
    "fields": {
      "action_time": "2021-04-12T17:48:18.063Z",
      "user": 1,
      "content_type": 15,
      "object_id": "2",
      "object_repr": "CourseAccess object (2)",
      "action_flag": 3,
      "change_message": ""
    }
  },
  {
    "model": "admin.logentry",
    "pk": 34,
    "fields": {
      "action_time": "2021-04-12T17:48:22.665Z",
      "user": 1,
      "content_type": 17,
      "object_id": "3",
      "object_repr": "CourseThemeAccess object (3)",
      "action_flag": 3,
      "change_message": ""
    }
  },
  {
    "model": "admin.logentry",
    "pk": 35,
    "fields": {
      "action_time": "2021-04-12T17:48:27.056Z",
      "user": 1,
      "content_type": 16,
      "object_id": "4",
      "object_repr": "CourseLessonAccess object (4)",
      "action_flag": 3,
      "change_message": ""
    }
  },
  {
    "model": "admin.logentry",
    "pk": 36,
    "fields": {
      "action_time": "2021-04-12T17:48:31.382Z",
      "user": 1,
      "content_type": 18,
      "object_id": "11",
      "object_repr": "LessonFragmentAccess object (11)",
      "action_flag": 3,
      "change_message": ""
    }
  },
  {
    "model": "admin.logentry",
    "pk": 37,
    "fields": {
      "action_time": "2021-04-12T17:49:18.744Z",
      "user": 1,
      "content_type": 15,
      "object_id": "3",
      "object_repr": "CourseAccess object (3)",
      "action_flag": 1,
      "change_message": "[{\"added\": {}}]"
    }
  },
  {
    "model": "admin.logentry",
    "pk": 38,
    "fields": {
      "action_time": "2021-04-12T17:50:08.252Z",
      "user": 1,
      "content_type": 17,
      "object_id": "4",
      "object_repr": "CourseThemeAccess object (4)",
      "action_flag": 1,
      "change_message": "[{\"added\": {}}]"
    }
  },
  {
    "model": "admin.logentry",
    "pk": 39,
    "fields": {
      "action_time": "2021-04-12T17:50:25.892Z",
      "user": 1,
      "content_type": 16,
      "object_id": "5",
      "object_repr": "CourseLessonAccess object (5)",
      "action_flag": 1,
      "change_message": "[{\"added\": {}}]"
    }
  },
  {
    "model": "admin.logentry",
    "pk": 40,
    "fields": {
      "action_time": "2021-04-12T17:50:55.094Z",
      "user": 1,
      "content_type": 18,
      "object_id": "12",
      "object_repr": "LessonFragmentAccess object (12)",
      "action_flag": 1,
      "change_message": "[{\"added\": {}}]"
    }
  },
  {
    "model": "admin.logentry",
    "pk": 41,
    "fields": {
      "action_time": "2021-04-12T18:33:03.463Z",
      "user": 1,
      "content_type": 18,
      "object_id": "5",
      "object_repr": "LessonFragmentAccess object (5)",
      "action_flag": 2,
      "change_message": "[{\"changed\": {\"fields\": [\"\\u0421\\u0442\\u0430\\u0442\\u0443\\u0441\"]}}]"
    }
  },
  {
    "model": "admin.logentry",
    "pk": 42,
    "fields": {
      "action_time": "2021-04-12T18:33:29.069Z",
      "user": 1,
      "content_type": 18,
      "object_id": "5",
      "object_repr": "LessonFragmentAccess object (5)",
      "action_flag": 2,
      "change_message": "[{\"changed\": {\"fields\": [\"\\u0421\\u0442\\u0430\\u0442\\u0443\\u0441\"]}}]"
    }
  },
  {
    "model": "admin.logentry",
    "pk": 43,
    "fields": {
      "action_time": "2021-04-12T18:34:34.546Z",
      "user": 1,
      "content_type": 18,
      "object_id": "5",
      "object_repr": "LessonFragmentAccess object (5)",
      "action_flag": 2,
      "change_message": "[{\"changed\": {\"fields\": [\"\\u0421\\u0442\\u0430\\u0442\\u0443\\u0441\"]}}]"
    }
  },
  {
    "model": "admin.logentry",
    "pk": 44,
    "fields": {
      "action_time": "2021-04-12T18:51:57.206Z",
      "user": 1,
      "content_type": 16,
      "object_id": "1",
      "object_repr": "CourseLessonAccess object (1)",
      "action_flag": 2,
      "change_message": "[{\"changed\": {\"fields\": [\"\\u0421\\u0442\\u0430\\u0442\\u0443\\u0441\"]}}]"
    }
  },
  {
    "model": "admin.logentry",
    "pk": 45,
    "fields": {
      "action_time": "2021-04-12T18:52:11.769Z",
      "user": 1,
      "content_type": 16,
      "object_id": "1",
      "object_repr": "CourseLessonAccess object (1)",
      "action_flag": 2,
      "change_message": "[{\"changed\": {\"fields\": [\"\\u0421\\u0442\\u0430\\u0442\\u0443\\u0441\"]}}]"
    }
  },
  {
    "model": "admin.logentry",
    "pk": 46,
    "fields": {
      "action_time": "2021-04-12T18:58:12.616Z",
      "user": 1,
      "content_type": 18,
      "object_id": "5",
      "object_repr": "LessonFragmentAccess object (5)",
      "action_flag": 2,
      "change_message": "[{\"changed\": {\"fields\": [\"\\u0421\\u0442\\u0430\\u0442\\u0443\\u0441\"]}}]"
    }
  },
  {
    "model": "admin.logentry",
    "pk": 47,
    "fields": {
      "action_time": "2021-04-12T18:58:28.539Z",
      "user": 1,
      "content_type": 18,
      "object_id": "5",
      "object_repr": "LessonFragmentAccess object (5)",
      "action_flag": 2,
      "change_message": "[{\"changed\": {\"fields\": [\"\\u0421\\u0442\\u0430\\u0442\\u0443\\u0441\"]}}]"
    }
  },
  {
    "model": "admin.logentry",
    "pk": 48,
    "fields": {
      "action_time": "2021-04-12T19:41:49.693Z",
      "user": 1,
      "content_type": 21,
      "object_id": "1",
      "object_repr": "Заголовок 1",
      "action_flag": 2,
      "change_message": "[{\"changed\": {\"fields\": [\"\\u0421\\u043e\\u0434\\u0435\\u0440\\u0436\\u0430\\u043d\\u0438\\u0435 \\u0444\\u0440\\u0430\\u0433\\u043c\\u0435\\u043d\\u0442\\u0430\"]}}]"
    }
  },
  {
    "model": "admin.logentry",
    "pk": 49,
    "fields": {
      "action_time": "2021-04-12T19:42:00.426Z",
      "user": 1,
      "content_type": 21,
      "object_id": "2",
      "object_repr": "Заголовок 2",
      "action_flag": 2,
      "change_message": "[{\"changed\": {\"fields\": [\"\\u0421\\u043e\\u0434\\u0435\\u0440\\u0436\\u0430\\u043d\\u0438\\u0435 \\u0444\\u0440\\u0430\\u0433\\u043c\\u0435\\u043d\\u0442\\u0430\"]}}]"
    }
  },
  {
    "model": "admin.logentry",
    "pk": 50,
    "fields": {
      "action_time": "2021-04-13T06:15:31.842Z",
      "user": 1,
      "content_type": 19,
      "object_id": "2",
      "object_repr": "Курс 2",
      "action_flag": 1,
      "change_message": "[{\"added\": {}}]"
    }
  },
  {
    "model": "auth.permission",
    "pk": 1,
    "fields": {
      "name": "Can add log entry",
      "content_type": 1,
      "codename": "add_logentry"
    }
  },
  {
    "model": "auth.permission",
    "pk": 2,
    "fields": {
      "name": "Can change log entry",
      "content_type": 1,
      "codename": "change_logentry"
    }
  },
  {
    "model": "auth.permission",
    "pk": 3,
    "fields": {
      "name": "Can delete log entry",
      "content_type": 1,
      "codename": "delete_logentry"
    }
  },
  {
    "model": "auth.permission",
    "pk": 4,
    "fields": {
      "name": "Can view log entry",
      "content_type": 1,
      "codename": "view_logentry"
    }
  },
  {
    "model": "auth.permission",
    "pk": 5,
    "fields": {
      "name": "Can add permission",
      "content_type": 2,
      "codename": "add_permission"
    }
  },
  {
    "model": "auth.permission",
    "pk": 6,
    "fields": {
      "name": "Can change permission",
      "content_type": 2,
      "codename": "change_permission"
    }
  },
  {
    "model": "auth.permission",
    "pk": 7,
    "fields": {
      "name": "Can delete permission",
      "content_type": 2,
      "codename": "delete_permission"
    }
  },
  {
    "model": "auth.permission",
    "pk": 8,
    "fields": {
      "name": "Can view permission",
      "content_type": 2,
      "codename": "view_permission"
    }
  },
  {
    "model": "auth.permission",
    "pk": 9,
    "fields": {
      "name": "Can add group",
      "content_type": 3,
      "codename": "add_group"
    }
  },
  {
    "model": "auth.permission",
    "pk": 10,
    "fields": {
      "name": "Can change group",
      "content_type": 3,
      "codename": "change_group"
    }
  },
  {
    "model": "auth.permission",
    "pk": 11,
    "fields": {
      "name": "Can delete group",
      "content_type": 3,
      "codename": "delete_group"
    }
  },
  {
    "model": "auth.permission",
    "pk": 12,
    "fields": {
      "name": "Can view group",
      "content_type": 3,
      "codename": "view_group"
    }
  },
  {
    "model": "auth.permission",
    "pk": 13,
    "fields": {
      "name": "Can add content type",
      "content_type": 4,
      "codename": "add_contenttype"
    }
  },
  {
    "model": "auth.permission",
    "pk": 14,
    "fields": {
      "name": "Can change content type",
      "content_type": 4,
      "codename": "change_contenttype"
    }
  },
  {
    "model": "auth.permission",
    "pk": 15,
    "fields": {
      "name": "Can delete content type",
      "content_type": 4,
      "codename": "delete_contenttype"
    }
  },
  {
    "model": "auth.permission",
    "pk": 16,
    "fields": {
      "name": "Can view content type",
      "content_type": 4,
      "codename": "view_contenttype"
    }
  },
  {
    "model": "auth.permission",
    "pk": 17,
    "fields": {
      "name": "Can add session",
      "content_type": 5,
      "codename": "add_session"
    }
  },
  {
    "model": "auth.permission",
    "pk": 18,
    "fields": {
      "name": "Can change session",
      "content_type": 5,
      "codename": "change_session"
    }
  },
  {
    "model": "auth.permission",
    "pk": 19,
    "fields": {
      "name": "Can delete session",
      "content_type": 5,
      "codename": "delete_session"
    }
  },
  {
    "model": "auth.permission",
    "pk": 20,
    "fields": {
      "name": "Can view session",
      "content_type": 5,
      "codename": "view_session"
    }
  },
  {
    "model": "auth.permission",
    "pk": 21,
    "fields": {
      "name": "Can add site",
      "content_type": 6,
      "codename": "add_site"
    }
  },
  {
    "model": "auth.permission",
    "pk": 22,
    "fields": {
      "name": "Can change site",
      "content_type": 6,
      "codename": "change_site"
    }
  },
  {
    "model": "auth.permission",
    "pk": 23,
    "fields": {
      "name": "Can delete site",
      "content_type": 6,
      "codename": "delete_site"
    }
  },
  {
    "model": "auth.permission",
    "pk": 24,
    "fields": {
      "name": "Can view site",
      "content_type": 6,
      "codename": "view_site"
    }
  },
  {
    "model": "auth.permission",
    "pk": 25,
    "fields": {
      "name": "Can add Token",
      "content_type": 7,
      "codename": "add_token"
    }
  },
  {
    "model": "auth.permission",
    "pk": 26,
    "fields": {
      "name": "Can change Token",
      "content_type": 7,
      "codename": "change_token"
    }
  },
  {
    "model": "auth.permission",
    "pk": 27,
    "fields": {
      "name": "Can delete Token",
      "content_type": 7,
      "codename": "delete_token"
    }
  },
  {
    "model": "auth.permission",
    "pk": 28,
    "fields": {
      "name": "Can view Token",
      "content_type": 7,
      "codename": "view_token"
    }
  },
  {
    "model": "auth.permission",
    "pk": 29,
    "fields": {
      "name": "Can add token",
      "content_type": 8,
      "codename": "add_tokenproxy"
    }
  },
  {
    "model": "auth.permission",
    "pk": 30,
    "fields": {
      "name": "Can change token",
      "content_type": 8,
      "codename": "change_tokenproxy"
    }
  },
  {
    "model": "auth.permission",
    "pk": 31,
    "fields": {
      "name": "Can delete token",
      "content_type": 8,
      "codename": "delete_tokenproxy"
    }
  },
  {
    "model": "auth.permission",
    "pk": 32,
    "fields": {
      "name": "Can view token",
      "content_type": 8,
      "codename": "view_tokenproxy"
    }
  },
  {
    "model": "auth.permission",
    "pk": 33,
    "fields": {
      "name": "Can add email address",
      "content_type": 9,
      "codename": "add_emailaddress"
    }
  },
  {
    "model": "auth.permission",
    "pk": 34,
    "fields": {
      "name": "Can change email address",
      "content_type": 9,
      "codename": "change_emailaddress"
    }
  },
  {
    "model": "auth.permission",
    "pk": 35,
    "fields": {
      "name": "Can delete email address",
      "content_type": 9,
      "codename": "delete_emailaddress"
    }
  },
  {
    "model": "auth.permission",
    "pk": 36,
    "fields": {
      "name": "Can view email address",
      "content_type": 9,
      "codename": "view_emailaddress"
    }
  },
  {
    "model": "auth.permission",
    "pk": 37,
    "fields": {
      "name": "Can add email confirmation",
      "content_type": 10,
      "codename": "add_emailconfirmation"
    }
  },
  {
    "model": "auth.permission",
    "pk": 38,
    "fields": {
      "name": "Can change email confirmation",
      "content_type": 10,
      "codename": "change_emailconfirmation"
    }
  },
  {
    "model": "auth.permission",
    "pk": 39,
    "fields": {
      "name": "Can delete email confirmation",
      "content_type": 10,
      "codename": "delete_emailconfirmation"
    }
  },
  {
    "model": "auth.permission",
    "pk": 40,
    "fields": {
      "name": "Can view email confirmation",
      "content_type": 10,
      "codename": "view_emailconfirmation"
    }
  },
  {
    "model": "auth.permission",
    "pk": 41,
    "fields": {
      "name": "Can add social account",
      "content_type": 11,
      "codename": "add_socialaccount"
    }
  },
  {
    "model": "auth.permission",
    "pk": 42,
    "fields": {
      "name": "Can change social account",
      "content_type": 11,
      "codename": "change_socialaccount"
    }
  },
  {
    "model": "auth.permission",
    "pk": 43,
    "fields": {
      "name": "Can delete social account",
      "content_type": 11,
      "codename": "delete_socialaccount"
    }
  },
  {
    "model": "auth.permission",
    "pk": 44,
    "fields": {
      "name": "Can view social account",
      "content_type": 11,
      "codename": "view_socialaccount"
    }
  },
  {
    "model": "auth.permission",
    "pk": 45,
    "fields": {
      "name": "Can add social application",
      "content_type": 12,
      "codename": "add_socialapp"
    }
  },
  {
    "model": "auth.permission",
    "pk": 46,
    "fields": {
      "name": "Can change social application",
      "content_type": 12,
      "codename": "change_socialapp"
    }
  },
  {
    "model": "auth.permission",
    "pk": 47,
    "fields": {
      "name": "Can delete social application",
      "content_type": 12,
      "codename": "delete_socialapp"
    }
  },
  {
    "model": "auth.permission",
    "pk": 48,
    "fields": {
      "name": "Can view social application",
      "content_type": 12,
      "codename": "view_socialapp"
    }
  },
  {
    "model": "auth.permission",
    "pk": 49,
    "fields": {
      "name": "Can add social application token",
      "content_type": 13,
      "codename": "add_socialtoken"
    }
  },
  {
    "model": "auth.permission",
    "pk": 50,
    "fields": {
      "name": "Can change social application token",
      "content_type": 13,
      "codename": "change_socialtoken"
    }
  },
  {
    "model": "auth.permission",
    "pk": 51,
    "fields": {
      "name": "Can delete social application token",
      "content_type": 13,
      "codename": "delete_socialtoken"
    }
  },
  {
    "model": "auth.permission",
    "pk": 52,
    "fields": {
      "name": "Can view social application token",
      "content_type": 13,
      "codename": "view_socialtoken"
    }
  },
  {
    "model": "auth.permission",
    "pk": 53,
    "fields": {
      "name": "Can add Пользователь",
      "content_type": 14,
      "codename": "add_user"
    }
  },
  {
    "model": "auth.permission",
    "pk": 54,
    "fields": {
      "name": "Can change Пользователь",
      "content_type": 14,
      "codename": "change_user"
    }
  },
  {
    "model": "auth.permission",
    "pk": 55,
    "fields": {
      "name": "Can delete Пользователь",
      "content_type": 14,
      "codename": "delete_user"
    }
  },
  {
    "model": "auth.permission",
    "pk": 56,
    "fields": {
      "name": "Can view Пользователь",
      "content_type": 14,
      "codename": "view_user"
    }
  },
  {
    "model": "auth.permission",
    "pk": 57,
    "fields": {
      "name": "Can add Доступ к курсу",
      "content_type": 15,
      "codename": "add_courseaccess"
    }
  },
  {
    "model": "auth.permission",
    "pk": 58,
    "fields": {
      "name": "Can change Доступ к курсу",
      "content_type": 15,
      "codename": "change_courseaccess"
    }
  },
  {
    "model": "auth.permission",
    "pk": 59,
    "fields": {
      "name": "Can delete Доступ к курсу",
      "content_type": 15,
      "codename": "delete_courseaccess"
    }
  },
  {
    "model": "auth.permission",
    "pk": 60,
    "fields": {
      "name": "Can view Доступ к курсу",
      "content_type": 15,
      "codename": "view_courseaccess"
    }
  },
  {
    "model": "auth.permission",
    "pk": 61,
    "fields": {
      "name": "Can add Доступ к уроку",
      "content_type": 16,
      "codename": "add_courselessonaccess"
    }
  },
  {
    "model": "auth.permission",
    "pk": 62,
    "fields": {
      "name": "Can change Доступ к уроку",
      "content_type": 16,
      "codename": "change_courselessonaccess"
    }
  },
  {
    "model": "auth.permission",
    "pk": 63,
    "fields": {
      "name": "Can delete Доступ к уроку",
      "content_type": 16,
      "codename": "delete_courselessonaccess"
    }
  },
  {
    "model": "auth.permission",
    "pk": 64,
    "fields": {
      "name": "Can view Доступ к уроку",
      "content_type": 16,
      "codename": "view_courselessonaccess"
    }
  },
  {
    "model": "auth.permission",
    "pk": 65,
    "fields": {
      "name": "Can add Доступ к теме курса",
      "content_type": 17,
      "codename": "add_coursethemeaccess"
    }
  },
  {
    "model": "auth.permission",
    "pk": 66,
    "fields": {
      "name": "Can change Доступ к теме курса",
      "content_type": 17,
      "codename": "change_coursethemeaccess"
    }
  },
  {
    "model": "auth.permission",
    "pk": 67,
    "fields": {
      "name": "Can delete Доступ к теме курса",
      "content_type": 17,
      "codename": "delete_coursethemeaccess"
    }
  },
  {
    "model": "auth.permission",
    "pk": 68,
    "fields": {
      "name": "Can view Доступ к теме курса",
      "content_type": 17,
      "codename": "view_coursethemeaccess"
    }
  },
  {
    "model": "auth.permission",
    "pk": 69,
    "fields": {
      "name": "Can add Доступ к фрагменту урока",
      "content_type": 18,
      "codename": "add_lessonfragmentaccess"
    }
  },
  {
    "model": "auth.permission",
    "pk": 70,
    "fields": {
      "name": "Can change Доступ к фрагменту урока",
      "content_type": 18,
      "codename": "change_lessonfragmentaccess"
    }
  },
  {
    "model": "auth.permission",
    "pk": 71,
    "fields": {
      "name": "Can delete Доступ к фрагменту урока",
      "content_type": 18,
      "codename": "delete_lessonfragmentaccess"
    }
  },
  {
    "model": "auth.permission",
    "pk": 72,
    "fields": {
      "name": "Can view Доступ к фрагменту урока",
      "content_type": 18,
      "codename": "view_lessonfragmentaccess"
    }
  },
  {
    "model": "auth.permission",
    "pk": 73,
    "fields": {
      "name": "Can add Курс",
      "content_type": 19,
      "codename": "add_course"
    }
  },
  {
    "model": "auth.permission",
    "pk": 74,
    "fields": {
      "name": "Can change Курс",
      "content_type": 19,
      "codename": "change_course"
    }
  },
  {
    "model": "auth.permission",
    "pk": 75,
    "fields": {
      "name": "Can delete Курс",
      "content_type": 19,
      "codename": "delete_course"
    }
  },
  {
    "model": "auth.permission",
    "pk": 76,
    "fields": {
      "name": "Can view Курс",
      "content_type": 19,
      "codename": "view_course"
    }
  },
  {
    "model": "auth.permission",
    "pk": 77,
    "fields": {
      "name": "Can add Урок",
      "content_type": 20,
      "codename": "add_courselesson"
    }
  },
  {
    "model": "auth.permission",
    "pk": 78,
    "fields": {
      "name": "Can change Урок",
      "content_type": 20,
      "codename": "change_courselesson"
    }
  },
  {
    "model": "auth.permission",
    "pk": 79,
    "fields": {
      "name": "Can delete Урок",
      "content_type": 20,
      "codename": "delete_courselesson"
    }
  },
  {
    "model": "auth.permission",
    "pk": 80,
    "fields": {
      "name": "Can view Урок",
      "content_type": 20,
      "codename": "view_courselesson"
    }
  },
  {
    "model": "auth.permission",
    "pk": 81,
    "fields": {
      "name": "Can add Фрагмент урока",
      "content_type": 21,
      "codename": "add_lessonfragment"
    }
  },
  {
    "model": "auth.permission",
    "pk": 82,
    "fields": {
      "name": "Can change Фрагмент урока",
      "content_type": 21,
      "codename": "change_lessonfragment"
    }
  },
  {
    "model": "auth.permission",
    "pk": 83,
    "fields": {
      "name": "Can delete Фрагмент урока",
      "content_type": 21,
      "codename": "delete_lessonfragment"
    }
  },
  {
    "model": "auth.permission",
    "pk": 84,
    "fields": {
      "name": "Can view Фрагмент урока",
      "content_type": 21,
      "codename": "view_lessonfragment"
    }
  },
  {
    "model": "auth.permission",
    "pk": 85,
    "fields": {
      "name": "Can add Тема курса",
      "content_type": 22,
      "codename": "add_coursetheme"
    }
  },
  {
    "model": "auth.permission",
    "pk": 86,
    "fields": {
      "name": "Can change Тема курса",
      "content_type": 22,
      "codename": "change_coursetheme"
    }
  },
  {
    "model": "auth.permission",
    "pk": 87,
    "fields": {
      "name": "Can delete Тема курса",
      "content_type": 22,
      "codename": "delete_coursetheme"
    }
  },
  {
    "model": "auth.permission",
    "pk": 88,
    "fields": {
      "name": "Can view Тема курса",
      "content_type": 22,
      "codename": "view_coursetheme"
    }
  },
  {
    "model": "contenttypes.contenttype",
    "pk": 1,
    "fields": {
      "app_label": "admin",
      "model": "logentry"
    }
  },
  {
    "model": "contenttypes.contenttype",
    "pk": 2,
    "fields": {
      "app_label": "auth",
      "model": "permission"
    }
  },
  {
    "model": "contenttypes.contenttype",
    "pk": 3,
    "fields": {
      "app_label": "auth",
      "model": "group"
    }
  },
  {
    "model": "contenttypes.contenttype",
    "pk": 4,
    "fields": {
      "app_label": "contenttypes",
      "model": "contenttype"
    }
  },
  {
    "model": "contenttypes.contenttype",
    "pk": 5,
    "fields": {
      "app_label": "sessions",
      "model": "session"
    }
  },
  {
    "model": "contenttypes.contenttype",
    "pk": 6,
    "fields": {
      "app_label": "sites",
      "model": "site"
    }
  },
  {
    "model": "contenttypes.contenttype",
    "pk": 7,
    "fields": {
      "app_label": "authtoken",
      "model": "token"
    }
  },
  {
    "model": "contenttypes.contenttype",
    "pk": 8,
    "fields": {
      "app_label": "authtoken",
      "model": "tokenproxy"
    }
  },
  {
    "model": "contenttypes.contenttype",
    "pk": 9,
    "fields": {
      "app_label": "account",
      "model": "emailaddress"
    }
  },
  {
    "model": "contenttypes.contenttype",
    "pk": 10,
    "fields": {
      "app_label": "account",
      "model": "emailconfirmation"
    }
  },
  {
    "model": "contenttypes.contenttype",
    "pk": 11,
    "fields": {
      "app_label": "socialaccount",
      "model": "socialaccount"
    }
  },
  {
    "model": "contenttypes.contenttype",
    "pk": 12,
    "fields": {
      "app_label": "socialaccount",
      "model": "socialapp"
    }
  },
  {
    "model": "contenttypes.contenttype",
    "pk": 13,
    "fields": {
      "app_label": "socialaccount",
      "model": "socialtoken"
    }
  },
  {
    "model": "contenttypes.contenttype",
    "pk": 14,
    "fields": {
      "app_label": "users",
      "model": "user"
    }
  },
  {
    "model": "contenttypes.contenttype",
    "pk": 15,
    "fields": {
      "app_label": "courses_access",
      "model": "courseaccess"
    }
  },
  {
    "model": "contenttypes.contenttype",
    "pk": 16,
    "fields": {
      "app_label": "courses_access",
      "model": "courselessonaccess"
    }
  },
  {
    "model": "contenttypes.contenttype",
    "pk": 17,
    "fields": {
      "app_label": "courses_access",
      "model": "coursethemeaccess"
    }
  },
  {
    "model": "contenttypes.contenttype",
    "pk": 18,
    "fields": {
      "app_label": "courses_access",
      "model": "lessonfragmentaccess"
    }
  },
  {
    "model": "contenttypes.contenttype",
    "pk": 19,
    "fields": {
      "app_label": "courses",
      "model": "course"
    }
  },
  {
    "model": "contenttypes.contenttype",
    "pk": 20,
    "fields": {
      "app_label": "courses",
      "model": "courselesson"
    }
  },
  {
    "model": "contenttypes.contenttype",
    "pk": 21,
    "fields": {
      "app_label": "courses",
      "model": "lessonfragment"
    }
  },
  {
    "model": "contenttypes.contenttype",
    "pk": 22,
    "fields": {
      "app_label": "courses",
      "model": "coursetheme"
    }
  },
  {
    "model": "sessions.session",
    "pk": "fjtrvw7842mi167uln0d7jln96qg7pnl",
    "fields": {
      "session_data": ".eJxVi0EKAjEQBP-SsyxZM4kZj75A8AEh40yICCqZDR7Ev7sre9BT011dL5Nyn2rqKi1d2OzNaDa_G-XzVW4LWKoOX7KOw6k_pB2z6vPe-LA-__Satc6uR--oMG8JwAJhIYmFMVqOiMUHQUKb53QCFpnHsBMWcTZQAQEx7w-23ziH:1lV8tf:g6F84I7UXvEzz6p2JJ0dC_q2Rin2b3iT28g-2Y8hPIs",
      "expire_date": "2021-04-24T08:23:15.309Z"
    }
  },
  {
    "model": "sessions.session",
    "pk": "ryof4xzxzog1jz7eeevh6s0xyyzbn67z",
    "fields": {
      "session_data": ".eJxVi0EKwjAQRe-StZSmybQzLj2B4AHCTGcgIqgkDS7Eu2ulC13-9_57usRtyalVK-msbu_A7X6Z8Hyx6yrWWbuv2WB3ancrR671cSt62J5_eeaaP60FTxHUg0jwHPpoOAsjovTkRwI2YTGIOg3KNI3KDERogcH8QOheb6UrN90:1lW0fA:nF7s2-ZqyaCyXbItSskHFKkhHuD-ZlF3u_rteWuB70k",
      "expire_date": "2021-04-26T17:47:52.425Z"
    }
  },
  {
    "model": "sites.site",
    "pk": 1,
    "fields": {
      "domain": "example.com",
      "name": "example.com"
    }
  },
  {
    "model": "account.emailaddress",
    "pk": 1,
    "fields": {
      "user": 2,
      "email": "admin2@admin.ru",
      "verified": false,
      "primary": true
    }
  },
  {
    "model": "account.emailaddress",
    "pk": 2,
    "fields": {
      "user": 3,
      "email": "admin3@admin.ru",
      "verified": false,
      "primary": true
    }
  },
  {
    "model": "account.emailaddress",
    "pk": 3,
    "fields": {
      "user": 4,
      "email": "admin4@admin.ru",
      "verified": false,
      "primary": true
    }
  },
  {
    "model": "account.emailaddress",
    "pk": 4,
    "fields": {
      "user": 5,
      "email": "admin5@admin.ru",
      "verified": false,
      "primary": true
    }
  },
  {
    "model": "users.user",
    "pk": 1,
    "fields": {
      "password": "pbkdf2_sha256$216000$ehs6nMpqf5gP$YPKvYvicNcDtQwemND4yDDy31McsdjoQHEpva7VUHYk=",
      "last_login": "2021-04-10T08:23:15.306Z",
      "is_superuser": true,
      "email": "admin@admin.ad",
      "is_staff": true,
      "is_active": true,
      "date_joined": "2019-12-18T01:20:26.957Z",
      "email_confirmed": false,
      "avatar": "static/default_avatar.jpg",
      "last_name": null,
      "first_name": null,
      "middle_name": null,
      "gender": 0,
      "birthday": null,
      "phone": null,
      "groups": [],
      "user_permissions": []
    }
  },
  {
    "model": "users.user",
    "pk": 2,
    "fields": {
      "password": "pbkdf2_sha256$216000$xvHwe7pHKgvi$WsGISndPBGN19Ub3taAXPGdEntgbY4Vs2fWBofV0amY=",
      "last_login": "2021-04-10T10:13:28.628Z",
      "is_superuser": false,
      "email": "admin2@admin.ru",
      "is_staff": false,
      "is_active": true,
      "date_joined": "2021-04-10T10:13:28.436Z",
      "email_confirmed": false,
      "avatar": "static/default_avatar.jpg",
      "last_name": null,
      "first_name": null,
      "middle_name": null,
      "gender": 0,
      "birthday": null,
      "phone": null,
      "groups": [],
      "user_permissions": []
    }
  },
  {
    "model": "users.user",
    "pk": 3,
    "fields": {
      "password": "pbkdf2_sha256$216000$RjwiAOq7UBUp$hz4MJFNRh0NckCgNQZJVBQlGXL2sVH391wUGFl2lyYw=",
      "last_login": "2021-04-10T10:16:21.924Z",
      "is_superuser": false,
      "email": "admin3@admin.ru",
      "is_staff": false,
      "is_active": true,
      "date_joined": "2021-04-10T10:16:21.700Z",
      "email_confirmed": false,
      "avatar": "static/default_avatar.jpg",
      "last_name": null,
      "first_name": null,
      "middle_name": null,
      "gender": 0,
      "birthday": null,
      "phone": null,
      "groups": [],
      "user_permissions": []
    }
  },
  {
    "model": "users.user",
    "pk": 4,
    "fields": {
      "password": "pbkdf2_sha256$216000$tf0SQQdiUvU1$sfoa7fw0xmoPCVI5/mMwBTdsfao9xhW/i7dPRNXDw8k=",
      "last_login": "2021-04-10T10:24:41.232Z",
      "is_superuser": false,
      "email": "admin4@admin.ru",
      "is_staff": false,
      "is_active": true,
      "date_joined": "2021-04-10T10:24:40.891Z",
      "email_confirmed": false,
      "avatar": "static/default_avatar.jpg",
      "last_name": null,
      "first_name": null,
      "middle_name": null,
      "gender": 0,
      "birthday": null,
      "phone": null,
      "groups": [],
      "user_permissions": []
    }
  },
  {
    "model": "users.user",
    "pk": 5,
    "fields": {
      "password": "pbkdf2_sha256$216000$7HvUDNDDCbN4$aDQ9LR91uATdRERQwuDTeIR1Hz3jkQnbrpODcnIvY2I=",
      "last_login": "2021-04-12T17:47:52.324Z",
      "is_superuser": false,
      "email": "admin5@admin.ru",
      "is_staff": false,
      "is_active": true,
      "date_joined": "2021-04-12T17:47:52.022Z",
      "email_confirmed": false,
      "avatar": "static/default_avatar.jpg",
      "last_name": null,
      "first_name": null,
      "middle_name": null,
      "gender": 0,
      "birthday": null,
      "phone": null,
      "groups": [],
      "user_permissions": []
    }
  },
  {
    "model": "courses_access.lessonfragmentaccess",
    "pk": 1,
    "fields": {
      "user": 4,
      "status": 3,
      "date_created": "2021-04-10T14:16:39.191Z",
      "lesson_fragment": 1
    }
  },
  {
    "model": "courses_access.lessonfragmentaccess",
    "pk": 5,
    "fields": {
      "user": 4,
      "status": 3,
      "date_created": "2021-04-12T18:58:28.537Z",
      "lesson_fragment": 2
    }
  },
  {
    "model": "courses_access.lessonfragmentaccess",
    "pk": 6,
    "fields": {
      "user": 4,
      "status": 3,
      "date_created": "2021-04-10T14:38:37.424Z",
      "lesson_fragment": 3
    }
  },
  {
    "model": "courses_access.lessonfragmentaccess",
    "pk": 7,
    "fields": {
      "user": 4,
      "status": 3,
      "date_created": "2021-04-10T15:03:52.903Z",
      "lesson_fragment": 4
    }
  },
  {
    "model": "courses_access.lessonfragmentaccess",
    "pk": 8,
    "fields": {
      "user": 4,
      "status": 3,
      "date_created": "2021-04-10T15:26:36.617Z",
      "lesson_fragment": 7
    }
  },
  {
    "model": "courses_access.lessonfragmentaccess",
    "pk": 9,
    "fields": {
      "user": 4,
      "status": 3,
      "date_created": "2021-04-10T15:33:00.975Z",
      "lesson_fragment": 8
    }
  },
  {
    "model": "courses_access.lessonfragmentaccess",
    "pk": 10,
    "fields": {
      "user": 4,
      "status": 1,
      "date_created": "2021-04-10T16:04:53.131Z",
      "lesson_fragment": 5
    }
  },
  {
    "model": "courses_access.lessonfragmentaccess",
    "pk": 12,
    "fields": {
      "user": 5,
      "status": 2,
      "date_created": "2021-04-12T17:50:55.086Z",
      "lesson_fragment": 1
    }
  },
  {
    "model": "courses_access.courselessonaccess",
    "pk": 1,
    "fields": {
      "user": 4,
      "status": 3,
      "date_created": "2021-04-12T18:52:11.767Z",
      "course_lesson": 1
    }
  },
  {
    "model": "courses_access.courselessonaccess",
    "pk": 2,
    "fields": {
      "user": 4,
      "status": 3,
      "date_created": "2021-04-10T15:26:36.613Z",
      "course_lesson": 3
    }
  },
  {
    "model": "courses_access.courselessonaccess",
    "pk": 3,
    "fields": {
      "user": 4,
      "status": 1,
      "date_created": "2021-04-10T16:04:53.124Z",
      "course_lesson": 2
    }
  },
  {
    "model": "courses_access.courselessonaccess",
    "pk": 5,
    "fields": {
      "user": 5,
      "status": 2,
      "date_created": "2021-04-12T17:50:25.891Z",
      "course_lesson": 1
    }
  },
  {
    "model": "courses_access.coursethemeaccess",
    "pk": 1,
    "fields": {
      "user": 4,
      "status": 3,
      "date_created": "2021-04-10T15:59:05.680Z",
      "course_theme": 1
    }
  },
  {
    "model": "courses_access.coursethemeaccess",
    "pk": 2,
    "fields": {
      "user": 4,
      "status": 2,
      "date_created": "2021-04-10T16:04:53.114Z",
      "course_theme": 2
    }
  },
  {
    "model": "courses_access.coursethemeaccess",
    "pk": 4,
    "fields": {
      "user": 5,
      "status": 1,
      "date_created": "2021-04-12T17:50:08.251Z",
      "course_theme": 1
    }
  },
  {
    "model": "courses_access.courseaccess",
    "pk": 1,
    "fields": {
      "user": 4,
      "status": 1,
      "date_created": "2021-04-10T12:29:46.491Z",
      "course": 1,
      "access_type": 1
    }
  },
  {
    "model": "courses_access.courseaccess",
    "pk": 3,
    "fields": {
      "user": 5,
      "status": 2,
      "date_created": "2021-04-12T17:49:18.743Z",
      "course": 1,
      "access_type": 1
    }
  },
  {
    "model": "courses.course",
    "pk": 1,
    "fields": {
      "order": 0,
      "title": "Курс 1",
      "description": "Описание Курса 1",
      "cost": "1000.00",
      "date_created": "2021-04-12T19:48:36.255Z",
      "date_updated": "2021-04-12T19:48:36.287Z"
    }
  },
  {
    "model": "courses.course",
    "pk": 2,
    "fields": {
      "order": 0,
      "title": "Курс 2",
      "description": "опс",
      "cost": "2222.00",
      "date_created": "2021-04-13T06:15:31.789Z",
      "date_updated": "2021-04-13T06:15:31.789Z"
    }
  },
  {
    "model": "courses.coursetheme",
    "pk": 1,
    "fields": {
      "order": 1,
      "course": 1,
      "title": "Тема 1",
      "free_access": true,
      "date_created": "2021-04-12T19:48:36.310Z",
      "date_updated": "2021-04-12T19:48:36.315Z"
    }
  },
  {
    "model": "courses.coursetheme",
    "pk": 2,
    "fields": {
      "order": 2,
      "course": 1,
      "title": "Тема 2",
      "free_access": true,
      "date_created": "2021-04-12T19:48:36.310Z",
      "date_updated": "2021-04-12T19:48:36.315Z"
    }
  },
  {
    "model": "courses.coursetheme",
    "pk": 3,
    "fields": {
      "order": 3,
      "course": 1,
      "title": "Тема 3",
      "free_access": false,
      "date_created": "2021-04-12T19:48:36.310Z",
      "date_updated": "2021-04-12T19:48:36.315Z"
    }
  },
  {
    "model": "courses.courselesson",
    "pk": 1,
    "fields": {
      "order": 1,
      "course_theme": 1,
      "title": "Урок 1",
      "description": "Описание Урока 1",
      "content": "# Заголовок 1\r\nБоди 1\r\n\r\n# Заголовок 2\r\nБоди 2\r\n\r\n# Заголовок 3\r\nБоди 3\r\n\r\n# Заголовок 4\r\nБоди 4",
      "date_created": "2021-04-12T19:48:36.292Z",
      "date_updated": "2021-04-12T19:48:36.300Z"
    }
  },
  {
    "model": "courses.courselesson",
    "pk": 2,
    "fields": {
      "order": 2,
      "course_theme": 2,
      "title": "Урок 2",
      "description": "Описание урока 2",
      "content": "# Фрагмент 2.1\r\nОписание 2.1\r\n\r\n# Фрагмент 2.2\r\nОписание 2.2",
      "date_created": "2021-04-12T19:48:36.292Z",
      "date_updated": "2021-04-12T19:48:36.300Z"
    }
  },
  {
    "model": "courses.courselesson",
    "pk": 3,
    "fields": {
      "order": 3,
      "course_theme": 1,
      "title": "Урок 3",
      "description": "Описание урока 3 Темы 1",
      "content": "# Фрагмент 3.1\r\nБоди1\r\n\r\n# Фрагмент 3.2\r\nБоди 2",
      "date_created": "2021-04-12T19:48:36.292Z",
      "date_updated": "2021-04-12T19:48:36.300Z"
    }
  },
  {
    "model": "courses.lessonfragment",
    "pk": 1,
    "fields": {
      "course_lesson": 1,
      "title": "Заголовок 1",
      "content": "<h1>Заголовок 1</h1>\r\n<p>Боди 1</p>",
      "date_created": "2021-04-12T19:41:49.652Z",
      "date_updated": "2021-04-12T19:48:36.321Z"
    }
  },
  {
    "model": "courses.lessonfragment",
    "pk": 2,
    "fields": {
      "course_lesson": 1,
      "title": "Заголовок 2",
      "content": "<h1>Заголовок 2</h1>\r\n<p>Боди 2</p>\r\n\r\n.",
      "date_created": "2021-04-12T19:42:00.425Z",
      "date_updated": "2021-04-12T19:48:36.321Z"
    }
  },
  {
    "model": "courses.lessonfragment",
    "pk": 3,
    "fields": {
      "course_lesson": 1,
      "title": "Заголовок 3",
      "content": "<h1>Заголовок 3</h1>\n<p>Боди 3</p>\n",
      "date_created": "2021-04-10T10:12:58.481Z",
      "date_updated": "2021-04-12T19:48:36.321Z"
    }
  },
  {
    "model": "courses.lessonfragment",
    "pk": 4,
    "fields": {
      "course_lesson": 1,
      "title": "Заголовок 4",
      "content": "<h1>Заголовок 4</h1>\n<p>Боди 4</p>",
      "date_created": "2021-04-10T10:12:58.482Z",
      "date_updated": "2021-04-12T19:48:36.321Z"
    }
  },
  {
    "model": "courses.lessonfragment",
    "pk": 5,
    "fields": {
      "course_lesson": 2,
      "title": "Фрагмент 2.1",
      "content": "<h1>Фрагмент 2.1</h1>\n<p>Описание 2.1</p>\n",
      "date_created": "2021-04-10T10:44:04.002Z",
      "date_updated": "2021-04-12T19:48:36.321Z"
    }
  },
  {
    "model": "courses.lessonfragment",
    "pk": 6,
    "fields": {
      "course_lesson": 2,
      "title": "Фрагмент 2.2",
      "content": "<h1>Фрагмент 2.2</h1>\n<p>Описание 2.2</p>",
      "date_created": "2021-04-10T10:44:04.003Z",
      "date_updated": "2021-04-12T19:48:36.321Z"
    }
  },
  {
    "model": "courses.lessonfragment",
    "pk": 7,
    "fields": {
      "course_lesson": 3,
      "title": "Фрагмент 3.1",
      "content": "<h1>Фрагмент 3.1</h1>\n<p>Боди1</p>\n",
      "date_created": "2021-04-10T15:07:14.987Z",
      "date_updated": "2021-04-12T19:48:36.321Z"
    }
  },
  {
    "model": "courses.lessonfragment",
    "pk": 8,
    "fields": {
      "course_lesson": 3,
      "title": "Фрагмент 3.2",
      "content": "<h1>Фрагмент 3.2</h1>\n<p>Боди 2</p>",
      "date_created": "2021-04-10T15:07:14.990Z",
      "date_updated": "2021-04-12T19:48:36.321Z"
    }
  }
]